{
  "Total" : {
    "transaction" : "Total",
    "sampleCount" : 100,
    "errorCount" : 3,
    "errorPct" : 3.0,
    "meanResTime" : 360.4199999999997,
    "medianResTime" : 227.5,
    "minResTime" : 142.0,
    "maxResTime" : 3995.0,
    "pct1ResTime" : 347.20000000000016,
    "pct2ResTime" : 1141.1499999999933,
    "pct3ResTime" : 3993.499999999999,
    "throughput" : 1.0132533538686013,
    "receivedKBytesPerSec" : 28.510663620784868,
    "sentKBytesPerSec" : 2.5014692173631095
  },
  "Kegiatan" : {
    "transaction" : "Kegiatan",
    "sampleCount" : 100,
    "errorCount" : 3,
    "errorPct" : 3.0,
    "meanResTime" : 360.4199999999997,
    "medianResTime" : 227.5,
    "minResTime" : 142.0,
    "maxResTime" : 3995.0,
    "pct1ResTime" : 347.20000000000016,
    "pct2ResTime" : 1141.1499999999933,
    "pct3ResTime" : 3993.499999999999,
    "throughput" : 1.0132533538686013,
    "receivedKBytesPerSec" : 28.510663620784868,
    "sentKBytesPerSec" : 2.5014692173631095
  }
}