{
  "Total" : {
    "transaction" : "Total",
    "sampleCount" : 689,
    "errorCount" : 0,
    "errorPct" : 0.0,
    "meanResTime" : 30578.84034833093,
    "medianResTime" : 11999.0,
    "minResTime" : 68.0,
    "maxResTime" : 181872.0,
    "pct1ResTime" : 103171.0,
    "pct2ResTime" : 137978.5,
    "pct3ResTime" : 170907.9,
    "throughput" : 2.327639793519094,
    "receivedKBytesPerSec" : 8.175157797677766,
    "sentKBytesPerSec" : 2.1521404193467744
  },
  "Login 1" : {
    "transaction" : "Login 1",
    "sampleCount" : 201,
    "errorCount" : 0,
    "errorPct" : 0.0,
    "meanResTime" : 76034.67164179108,
    "medianResTime" : 79976.0,
    "minResTime" : 2382.0,
    "maxResTime" : 181872.0,
    "pct1ResTime" : 159329.80000000002,
    "pct2ResTime" : 168406.4,
    "pct3ResTime" : 180003.97999999995,
    "throughput" : 0.6790357017377908,
    "receivedKBytesPerSec" : 0.8779719424812843,
    "sentKBytesPerSec" : 0.37797885741263754
  },
  "Survei 1" : {
    "transaction" : "Survei 1",
    "sampleCount" : 116,
    "errorCount" : 0,
    "errorPct" : 0.0,
    "meanResTime" : 14281.70689655173,
    "medianResTime" : 1089.0,
    "minResTime" : 104.0,
    "maxResTime" : 72957.0,
    "pct1ResTime" : 46887.2,
    "pct2ResTime" : 63066.29999999998,
    "pct3ResTime" : 72043.76,
    "throughput" : 0.4747891076829882,
    "receivedKBytesPerSec" : 3.95385521848485,
    "sentKBytesPerSec" : 0.5276464888117585
  },
  "Login 3" : {
    "transaction" : "Login 3",
    "sampleCount" : 125,
    "errorCount" : 0,
    "errorPct" : 0.0,
    "meanResTime" : 10571.768000000002,
    "medianResTime" : 583.0,
    "minResTime" : 68.0,
    "maxResTime" : 69976.0,
    "pct1ResTime" : 38573.80000000002,
    "pct2ResTime" : 49273.899999999965,
    "pct3ResTime" : 69062.09999999998,
    "throughput" : 0.5087277329871271,
    "receivedKBytesPerSec" : 0.7178823966468737,
    "sentKBytesPerSec" : 0.5380391941650964
  },
  "Survei 2" : {
    "transaction" : "Survei 2",
    "sampleCount" : 111,
    "errorCount" : 0,
    "errorPct" : 0.0,
    "meanResTime" : 12257.01801801802,
    "medianResTime" : 809.0,
    "minResTime" : 79.0,
    "maxResTime" : 66462.0,
    "pct1ResTime" : 35860.999999999985,
    "pct2ResTime" : 47971.999999999935,
    "pct3ResTime" : 65622.71999999997,
    "throughput" : 0.45635067465897033,
    "receivedKBytesPerSec" : 3.394746513388342,
    "sentKBytesPerSec" : 0.49423134589531065
  },
  " Login 2" : {
    "transaction" : " Login 2",
    "sampleCount" : 136,
    "errorCount" : 0,
    "errorPct" : 0.0,
    "meanResTime" : 10640.985294117641,
    "medianResTime" : 610.0,
    "minResTime" : 70.0,
    "maxResTime" : 63086.0,
    "pct1ResTime" : 49505.799999999996,
    "pct2ResTime" : 60839.75,
    "pct3ResTime" : 62869.549999999996,
    "throughput" : 0.5543666564761032,
    "receivedKBytesPerSec" : 0.7822849791093448,
    "sentKBytesPerSec" : 0.5863077040660348
  }
}