{
  "DaftarPeserta" : {
    "transaction" : "DaftarPeserta",
    "sampleCount" : 100,
    "errorCount" : 2,
    "errorPct" : 2.0,
    "meanResTime" : 1084.9799999999998,
    "medianResTime" : 1082.0,
    "minResTime" : 111.0,
    "maxResTime" : 3127.0,
    "pct1ResTime" : 1122.8,
    "pct2ResTime" : 1194.75,
    "pct3ResTime" : 3123.7999999999984,
    "throughput" : 1.0016125962800109,
    "receivedKBytesPerSec" : 119.55228386452188,
    "sentKBytesPerSec" : 2.4991408041947536
  },
  "Total" : {
    "transaction" : "Total",
    "sampleCount" : 100,
    "errorCount" : 2,
    "errorPct" : 2.0,
    "meanResTime" : 1084.9799999999998,
    "medianResTime" : 1082.0,
    "minResTime" : 111.0,
    "maxResTime" : 3127.0,
    "pct1ResTime" : 1122.8,
    "pct2ResTime" : 1194.75,
    "pct3ResTime" : 3123.7999999999984,
    "throughput" : 1.0016125962800109,
    "receivedKBytesPerSec" : 119.55228386452188,
    "sentKBytesPerSec" : 2.4991408041947536
  }
}